/*
Modèle de script de post-déploiement							
--------------------------------------------------------------------------------------
 Ce fichier contient des instructions SQL qui seront ajoutées au script de compilation.		
 Utilisez la syntaxe SQLCMD pour inclure un fichier dans le script de post-déploiement.			
 Exemple :      :r .\monfichier.sql								
 Utilisez la syntaxe SQLCMD pour référencer une variable dans le script de post-déploiement.		
 Exemple :      :setvar TableName MyTable							
               SELECT * FROM [$(TableName)]					
--------------------------------------------------------------------------------------
*/

SET IDENTITY_INSERT [dbo].[Users] ON
INSERT INTO [dbo].[Users] ([Usr_Id], [Usr_Pseudo], [Usr_Email], [Usr_Birthdate], [Usr_Genre], [Usr_Firstname], [Usr_Lastname], [Usr_Elo], [Usr_Role], [Usr_Password], [Usr_Salt], [Usr_InActive]) VALUES (1, N'User1', N'rfg.lemaire@outlook.com', N'1965-09-21 09:00:00', 1, N'User1', N'Mate', 1500, 0, 0x054DE17CBD3291F79C98D6D473376B05F4467A8A0734A19125873381B7BD237C3D7DDD466CE700A3248034081029D1A50846FF3DC8D44C70E518B2C1DFDBFCD7, N'18bda4ac-eee2-4a5a-971f-b7db3d6f7fea', 0)
INSERT INTO [dbo].[Users] ([Usr_Id], [Usr_Pseudo], [Usr_Email], [Usr_Birthdate], [Usr_Genre], [Usr_Firstname], [Usr_Lastname], [Usr_Elo], [Usr_Role], [Usr_Password], [Usr_Salt], [Usr_InActive]) VALUES (2, N'User2', N'rfg.lemaire@test2.be', N'1965-09-21 09:00:00', 1, N'User2', N'Mate', 1500, 0, 0x054DE17CBD3291F79C98D6D473376B05F4467A8A0734A19125873381B7BD237C3D7DDD466CE700A3248034081029D1A50846FF3DC8D44C70E518B2C1DFDBFCD7, N'8f289e77-c09f-40b3-b376-d436882dc71f', 0)
INSERT INTO [dbo].[Users] ([Usr_Id], [Usr_Pseudo], [Usr_Email], [Usr_Birthdate], [Usr_Genre], [Usr_Firstname], [Usr_Lastname], [Usr_Elo], [Usr_Role], [Usr_Password], [Usr_Salt], [Usr_InActive]) VALUES (3, N'User3', N'rfg.lemaire@test3.be', N'1965-09-21 09:00:00', 2, N'User3', N'Mate', 1500, 0, 0x054DE17CBD3291F79C98D6D473376B05F4467A8A0734A19125873381B7BD237C3D7DDD466CE700A3248034081029D1A50846FF3DC8D44C70E518B2C1DFDBFCD7, N'a35e0afa-fc9f-4114-8b5a-782f5d206b98', 0)
INSERT INTO [dbo].[Users] ([Usr_Id], [Usr_Pseudo], [Usr_Email], [Usr_Birthdate], [Usr_Genre], [Usr_Firstname], [Usr_Lastname], [Usr_Elo], [Usr_Role], [Usr_Password], [Usr_Salt], [Usr_InActive]) VALUES (4, N'User4', N'rfg.lemaire@test4.be', N'1972-08-20 15:23:40', 1, N'User4', N'Mate', 1500, 0, 0x054DE17CBD3291F79C98D6D473376B05F4467A8A0734A19125873381B7BD237C3D7DDD466CE700A3248034081029D1A50846FF3DC8D44C70E518B2C1DFDBFCD7, N'8389b2eb-793c-4781-bd8d-c89d4827ade4', 0)
INSERT INTO [dbo].[Users] ([Usr_Id], [Usr_Pseudo], [Usr_Email], [Usr_Birthdate], [Usr_Genre], [Usr_Firstname], [Usr_Lastname], [Usr_Elo], [Usr_Role], [Usr_Password], [Usr_Salt], [Usr_InActive]) VALUES (5, N'User5', N'rfg.lemaire@test5.be', N'1972-08-20 15:23:54', 1, N'User5', N'Mate', 1500, 0, 0x054DE17CBD3291F79C98D6D473376B05F4467A8A0734A19125873381B7BD237C3D7DDD466CE700A3248034081029D1A50846FF3DC8D44C70E518B2C1DFDBFCD7, N'e5bc7f54-da3e-4b9c-9dd0-6cc35aa47919', 0)
INSERT INTO [dbo].[Users] ([Usr_Id], [Usr_Pseudo], [Usr_Email], [Usr_Birthdate], [Usr_Genre], [Usr_Firstname], [Usr_Lastname], [Usr_Elo], [Usr_Role], [Usr_Password], [Usr_Salt], [Usr_InActive]) VALUES (6, N'User6', N'rfg.lemaire@test6.be', N'1972-08-20 15:25:03', 1, N'User4', N'Mate', 1500, 0, 0x054DE17CBD3291F79C98D6D473376B05F4467A8A0734A19125873381B7BD237C3D7DDD466CE700A3248034081029D1A50846FF3DC8D44C70E518B2C1DFDBFCD7, N'eb0a4b7d-4374-4f8e-9ece-fb997ef63662', 0)
INSERT INTO [dbo].[Users] ([Usr_Id], [Usr_Pseudo], [Usr_Email], [Usr_Birthdate], [Usr_Genre], [Usr_Firstname], [Usr_Lastname], [Usr_Elo], [Usr_Role], [Usr_Password], [Usr_Salt], [Usr_InActive]) VALUES (7, N'User7', N'rfg.lemaire@test7.be', N'1972-08-20 15:25:46', 1, N'User7', N'Mate', 1500, 0, 0x054DE17CBD3291F79C98D6D473376B05F4467A8A0734A19125873381B7BD237C3D7DDD466CE700A3248034081029D1A50846FF3DC8D44C70E518B2C1DFDBFCD7, N'734f4611-6686-48ab-a388-fafd42a96923', 0)
INSERT INTO [dbo].[Users] ([Usr_Id], [Usr_Pseudo], [Usr_Email], [Usr_Birthdate], [Usr_Genre], [Usr_Firstname], [Usr_Lastname], [Usr_Elo], [Usr_Role], [Usr_Password], [Usr_Salt], [Usr_InActive]) VALUES (8, N'User8', N'rfg.lemaire@test8.be', N'1972-08-20 15:27:01', 1, N'User8', N'Mate', 1500, 0, 0x054DE17CBD3291F79C98D6D473376B05F4467A8A0734A19125873381B7BD237C3D7DDD466CE700A3248034081029D1A50846FF3DC8D44C70E518B2C1DFDBFCD7, N'017209af-0dbe-4080-921d-8a16e4fe25e8', 0)
INSERT INTO [dbo].[Users] ([Usr_Id], [Usr_Pseudo], [Usr_Email], [Usr_Birthdate], [Usr_Genre], [Usr_Firstname], [Usr_Lastname], [Usr_Elo], [Usr_Role], [Usr_Password], [Usr_Salt], [Usr_InActive]) VALUES (9, N'User9', N'rfg.lemaire@test9.be', N'1972-08-20 15:27:20', 1, N'User9', N'Mate', 1500, 0, 0x054DE17CBD3291F79C98D6D473376B05F4467A8A0734A19125873381B7BD237C3D7DDD466CE700A3248034081029D1A50846FF3DC8D44C70E518B2C1DFDBFCD7, N'186da9c1-703c-4101-892b-dcac5f9df2b3', 0)
INSERT INTO [dbo].[Users] ([Usr_Id], [Usr_Pseudo], [Usr_Email], [Usr_Birthdate], [Usr_Genre], [Usr_Firstname], [Usr_Lastname], [Usr_Elo], [Usr_Role], [Usr_Password], [Usr_Salt], [Usr_InActive]) VALUES (10, N'User10', N'rfg.lemaire@test10.be', N'2045-08-20 15:27:36', 1, N'User10', N'Mate', 1500, 0, 0x054DE17CBD3291F79C98D6D473376B05F4467A8A0734A19125873381B7BD237C3D7DDD466CE700A3248034081029D1A50846FF3DC8D44C70E518B2C1DFDBFCD7, N'44cc4ab3-f0da-4fdf-92f9-f77a0f8de68d', 0)
INSERT INTO [dbo].[Users] ([Usr_Id], [Usr_Pseudo], [Usr_Email], [Usr_Birthdate], [Usr_Genre], [Usr_Firstname], [Usr_Lastname], [Usr_Elo], [Usr_Role], [Usr_Password], [Usr_Salt], [Usr_InActive]) VALUES (11, N'User11', N'rfg.lemaire@test11.be', N'2045-08-20 15:27:54', 1, N'User11', N'Mate', 1500, 0, 0x054DE17CBD3291F79C98D6D473376B05F4467A8A0734A19125873381B7BD237C3D7DDD466CE700A3248034081029D1A50846FF3DC8D44C70E518B2C1DFDBFCD7, N'792742eb-2825-4683-8773-afbd403fc0e5', 0)
INSERT INTO [dbo].[Users] ([Usr_Id], [Usr_Pseudo], [Usr_Email], [Usr_Birthdate], [Usr_Genre], [Usr_Firstname], [Usr_Lastname], [Usr_Elo], [Usr_Role], [Usr_Password], [Usr_Salt], [Usr_InActive]) VALUES (12, N'User12', N'rfg.lemaire@test12.be', N'2045-08-20 15:28:13', 1, N'User12', N'Mate', 1500, 0, 0x054DE17CBD3291F79C98D6D473376B05F4467A8A0734A19125873381B7BD237C3D7DDD466CE700A3248034081029D1A50846FF3DC8D44C70E518B2C1DFDBFCD7, N'99028571-722f-4e3f-a9e2-06df8f04f851', 0)
INSERT INTO [dbo].[Users] ([Usr_Id], [Usr_Pseudo], [Usr_Email], [Usr_Birthdate], [Usr_Genre], [Usr_Firstname], [Usr_Lastname], [Usr_Elo], [Usr_Role], [Usr_Password], [Usr_Salt], [Usr_InActive]) VALUES (13, N'User13', N'rfg.lemaire@test13.be', N'2045-08-20 15:28:26', 1, N'User13', N'Mate', 1500, 0, 0x054DE17CBD3291F79C98D6D473376B05F4467A8A0734A19125873381B7BD237C3D7DDD466CE700A3248034081029D1A50846FF3DC8D44C70E518B2C1DFDBFCD7, N'f7c86742-46e0-4241-8c4d-8a5496e865b5', 0)
INSERT INTO [dbo].[Users] ([Usr_Id], [Usr_Pseudo], [Usr_Email], [Usr_Birthdate], [Usr_Genre], [Usr_Firstname], [Usr_Lastname], [Usr_Elo], [Usr_Role], [Usr_Password], [Usr_Salt], [Usr_InActive]) VALUES (14, N'User14', N'rfg.lemaire@test14.be', N'2045-08-20 15:28:42', 1, N'User14', N'Mate', 1500, 0, 0x054DE17CBD3291F79C98D6D473376B05F4467A8A0734A19125873381B7BD237C3D7DDD466CE700A3248034081029D1A50846FF3DC8D44C70E518B2C1DFDBFCD7, N'836decb6-f119-45f1-a76d-224bb4aa4712', 0)
INSERT INTO [dbo].[Users] ([Usr_Id], [Usr_Pseudo], [Usr_Email], [Usr_Birthdate], [Usr_Genre], [Usr_Firstname], [Usr_Lastname], [Usr_Elo], [Usr_Role], [Usr_Password], [Usr_Salt], [Usr_InActive]) VALUES (15, N'User15', N'rfg.lemaire@test15.be', N'2045-08-20 15:28:56', 1, N'User15', N'Mate', 1500, 0, 0x054DE17CBD3291F79C98D6D473376B05F4467A8A0734A19125873381B7BD237C3D7DDD466CE700A3248034081029D1A50846FF3DC8D44C70E518B2C1DFDBFCD7, N'92efbfa5-e8ab-41fb-98c6-b8cec26ca6c0', 0)
INSERT INTO [dbo].[Users] ([Usr_Id], [Usr_Pseudo], [Usr_Email], [Usr_Birthdate], [Usr_Genre], [Usr_Firstname], [Usr_Lastname], [Usr_Elo], [Usr_Role], [Usr_Password], [Usr_Salt], [Usr_InActive]) VALUES (16, N'User16', N'rfg.lemaire@test16.be', N'2045-08-20 15:29:11', 1, N'User16', N'Mate', 1500, 0, 0x054DE17CBD3291F79C98D6D473376B05F4467A8A0734A19125873381B7BD237C3D7DDD466CE700A3248034081029D1A50846FF3DC8D44C70E518B2C1DFDBFCD7, N'c8387b0f-73e8-44a4-bf77-a0dc3816d64b', 0)
INSERT INTO [dbo].[Users] ([Usr_Id], [Usr_Pseudo], [Usr_Email], [Usr_Birthdate], [Usr_Genre], [Usr_Firstname], [Usr_Lastname], [Usr_Elo], [Usr_Role], [Usr_Password], [Usr_Salt], [Usr_InActive]) VALUES (17, N'User17', N'rfg.lemaire@test17.be', N'2045-08-20 15:29:29', 1, N'User17', N'Mate', 1500, 0, 0x054DE17CBD3291F79C98D6D473376B05F4467A8A0734A19125873381B7BD237C3D7DDD466CE700A3248034081029D1A50846FF3DC8D44C70E518B2C1DFDBFCD7, N'833f37f7-3454-45af-849e-1b95751ef0e8', 0)
INSERT INTO [dbo].[Users] ([Usr_Id], [Usr_Pseudo], [Usr_Email], [Usr_Birthdate], [Usr_Genre], [Usr_Firstname], [Usr_Lastname], [Usr_Elo], [Usr_Role], [Usr_Password], [Usr_Salt], [Usr_InActive]) VALUES (18, N'User18', N'rfg.lemaire@test18.be', N'2045-08-20 15:29:41', 1, N'User18', N'Mate', 1500, 0, 0x054DE17CBD3291F79C98D6D473376B05F4467A8A0734A19125873381B7BD237C3D7DDD466CE700A3248034081029D1A50846FF3DC8D44C70E518B2C1DFDBFCD7, N'1b283a9d-b331-493e-9051-41f5b11bbf1a', 0)
INSERT INTO [dbo].[Users] ([Usr_Id], [Usr_Pseudo], [Usr_Email], [Usr_Birthdate], [Usr_Genre], [Usr_Firstname], [Usr_Lastname], [Usr_Elo], [Usr_Role], [Usr_Password], [Usr_Salt], [Usr_InActive]) VALUES (19, N'User19', N'rfg.lemaire@test19.be', N'2045-08-20 15:30:02', 1, N'User19', N'Mate', 1500, 0, 0x054DE17CBD3291F79C98D6D473376B05F4467A8A0734A19125873381B7BD237C3D7DDD466CE700A3248034081029D1A50846FF3DC8D44C70E518B2C1DFDBFCD7, N'419b00a9-9dae-4548-a276-f46f129e7a11', 0)
INSERT INTO [dbo].[Users] ([Usr_Id], [Usr_Pseudo], [Usr_Email], [Usr_Birthdate], [Usr_Genre], [Usr_Firstname], [Usr_Lastname], [Usr_Elo], [Usr_Role], [Usr_Password], [Usr_Salt], [Usr_InActive]) VALUES (20, N'User20', N'rfg.lemaire@test20.be', N'2045-08-20 15:30:18', 1, N'User20', N'Mate', 1500, 0, 0x054DE17CBD3291F79C98D6D473376B05F4467A8A0734A19125873381B7BD237C3D7DDD466CE700A3248034081029D1A50846FF3DC8D44C70E518B2C1DFDBFCD7, N'038df166-7b53-4314-8c81-24ca475d1b9e', 0)
INSERT INTO [dbo].[Users] ([Usr_Id], [Usr_Pseudo], [Usr_Email], [Usr_Birthdate], [Usr_Genre], [Usr_Firstname], [Usr_Lastname], [Usr_Elo], [Usr_Role], [Usr_Password], [Usr_Salt], [Usr_InActive]) VALUES (21, N'User21', N'rfg.lemaire@test21.be', N'2045-08-20 15:30:31', 1, N'User21', N'Mate', 1500, 0, 0x054DE17CBD3291F79C98D6D473376B05F4467A8A0734A19125873381B7BD237C3D7DDD466CE700A3248034081029D1A50846FF3DC8D44C70E518B2C1DFDBFCD7, N'cfaa7f53-6a33-4a51-a8b2-739c7a33046a', 0)
INSERT INTO [dbo].[Users] ([Usr_Id], [Usr_Pseudo], [Usr_Email], [Usr_Birthdate], [Usr_Genre], [Usr_Firstname], [Usr_Lastname], [Usr_Elo], [Usr_Role], [Usr_Password], [Usr_Salt], [Usr_InActive]) VALUES (22, N'User22', N'rfg.lemaire@test22.be', N'2045-08-20 15:30:42', 1, N'User22', N'Mate', 1500, 0, 0x054DE17CBD3291F79C98D6D473376B05F4467A8A0734A19125873381B7BD237C3D7DDD466CE700A3248034081029D1A50846FF3DC8D44C70E518B2C1DFDBFCD7, N'9ae47d21-12e0-46ea-9b84-337b035bf45a', 0)
INSERT INTO [dbo].[Users] ([Usr_Id], [Usr_Pseudo], [Usr_Email], [Usr_Birthdate], [Usr_Genre], [Usr_Firstname], [Usr_Lastname], [Usr_Elo], [Usr_Role], [Usr_Password], [Usr_Salt], [Usr_InActive]) VALUES (23, N'User23', N'rfg.lemaire@test23.be', N'2045-08-20 15:30:56', 1, N'User23', N'Mate', 1500, 0, 0x054DE17CBD3291F79C98D6D473376B05F4467A8A0734A19125873381B7BD237C3D7DDD466CE700A3248034081029D1A50846FF3DC8D44C70E518B2C1DFDBFCD7, N'7f77ac72-adf9-4e2f-b419-3e1e029734e5', 0)
INSERT INTO [dbo].[Users] ([Usr_Id], [Usr_Pseudo], [Usr_Email], [Usr_Birthdate], [Usr_Genre], [Usr_Firstname], [Usr_Lastname], [Usr_Elo], [Usr_Role], [Usr_Password], [Usr_Salt], [Usr_InActive]) VALUES (24, N'User24', N'rfg.lemaire@test24.be', N'2045-08-20 15:31:09', 1, N'User24', N'Mate', 1500, 0, 0x054DE17CBD3291F79C98D6D473376B05F4467A8A0734A19125873381B7BD237C3D7DDD466CE700A3248034081029D1A50846FF3DC8D44C70E518B2C1DFDBFCD7, N'16331ab9-1b00-4451-ac14-d8f490a147b7', 0)
INSERT INTO [dbo].[Users] ([Usr_Id], [Usr_Pseudo], [Usr_Email], [Usr_Birthdate], [Usr_Genre], [Usr_Firstname], [Usr_Lastname], [Usr_Elo], [Usr_Role], [Usr_Password], [Usr_Salt], [Usr_InActive]) VALUES (25, N'User25', N'rfg.lemaire@test25.be', N'2045-08-20 15:31:25', 1, N'User25', N'Mate', 1500, 0, 0x054DE17CBD3291F79C98D6D473376B05F4467A8A0734A19125873381B7BD237C3D7DDD466CE700A3248034081029D1A50846FF3DC8D44C70E518B2C1DFDBFCD7, N'facfab8a-6f29-4bc2-9d3a-231213c6c5c8', 0)
INSERT INTO [dbo].[Users] ([Usr_Id], [Usr_Pseudo], [Usr_Email], [Usr_Birthdate], [Usr_Genre], [Usr_Firstname], [Usr_Lastname], [Usr_Elo], [Usr_Role], [Usr_Password], [Usr_Salt], [Usr_InActive]) VALUES (26, N'User26', N'rfg.lemaire@test26.be', N'2045-08-20 15:31:41', 1, N'User26', N'Mate', 1500, 0, 0x054DE17CBD3291F79C98D6D473376B05F4467A8A0734A19125873381B7BD237C3D7DDD466CE700A3248034081029D1A50846FF3DC8D44C70E518B2C1DFDBFCD7, N'43f703c6-1127-47d6-a736-6f52120a89bf', 0)
INSERT INTO [dbo].[Users] ([Usr_Id], [Usr_Pseudo], [Usr_Email], [Usr_Birthdate], [Usr_Genre], [Usr_Firstname], [Usr_Lastname], [Usr_Elo], [Usr_Role], [Usr_Password], [Usr_Salt], [Usr_InActive]) VALUES (27, N'User27', N'rfg.lemaire@test27.be', N'2045-08-20 15:31:56', 1, N'User27', N'Mate', 1500, 0, 0x054DE17CBD3291F79C98D6D473376B05F4467A8A0734A19125873381B7BD237C3D7DDD466CE700A3248034081029D1A50846FF3DC8D44C70E518B2C1DFDBFCD7, N'98913f53-330f-4bc8-aa55-e0e6b899f859', 0)
INSERT INTO [dbo].[Users] ([Usr_Id], [Usr_Pseudo], [Usr_Email], [Usr_Birthdate], [Usr_Genre], [Usr_Firstname], [Usr_Lastname], [Usr_Elo], [Usr_Role], [Usr_Password], [Usr_Salt], [Usr_InActive]) VALUES (28, N'User28', N'rfg.lemaire@test28.be', N'2045-08-20 15:32:11', 1, N'User28', N'Mate', 1500, 0, 0x054DE17CBD3291F79C98D6D473376B05F4467A8A0734A19125873381B7BD237C3D7DDD466CE700A3248034081029D1A50846FF3DC8D44C70E518B2C1DFDBFCD7, N'f00bae65-9bd0-46da-a206-95d4e91cef2d', 0)
INSERT INTO [dbo].[Users] ([Usr_Id], [Usr_Pseudo], [Usr_Email], [Usr_Birthdate], [Usr_Genre], [Usr_Firstname], [Usr_Lastname], [Usr_Elo], [Usr_Role], [Usr_Password], [Usr_Salt], [Usr_InActive]) VALUES (29, N'User29', N'rfg.lemaire@test29.be', N'2045-08-20 15:32:25', 1, N'User29', N'Mate', 1500, 0, 0x054DE17CBD3291F79C98D6D473376B05F4467A8A0734A19125873381B7BD237C3D7DDD466CE700A3248034081029D1A50846FF3DC8D44C70E518B2C1DFDBFCD7, N'7e3ced59-cb53-4452-911a-ccf9dce2d26b', 0)
INSERT INTO [dbo].[Users] ([Usr_Id], [Usr_Pseudo], [Usr_Email], [Usr_Birthdate], [Usr_Genre], [Usr_Firstname], [Usr_Lastname], [Usr_Elo], [Usr_Role], [Usr_Password], [Usr_Salt], [Usr_InActive]) VALUES (30, N'User30', N'rfg.lemaire@test30.be', N'2045-08-20 15:32:56', 1, N'User30', N'Mate', 1500, 0, 0x054DE17CBD3291F79C98D6D473376B05F4467A8A0734A19125873381B7BD237C3D7DDD466CE700A3248034081029D1A50846FF3DC8D44C70E518B2C1DFDBFCD7, N'cc9ce21b-1369-4e14-a7fa-bfdc3f2f443c', 0)
INSERT INTO [dbo].[Users] ([Usr_Id], [Usr_Pseudo], [Usr_Email], [Usr_Birthdate], [Usr_Genre], [Usr_Firstname], [Usr_Lastname], [Usr_Elo], [Usr_Role], [Usr_Password], [Usr_Salt], [Usr_InActive]) VALUES (31, N'User31', N'rfg.lemaire@test31.be', N'2045-08-20 15:33:13', 1, N'User31', N'Mate', 1500, 0, 0x054DE17CBD3291F79C98D6D473376B05F4467A8A0734A19125873381B7BD237C3D7DDD466CE700A3248034081029D1A50846FF3DC8D44C70E518B2C1DFDBFCD7, N'd93c53f7-c7f9-4a0a-8346-dd9ddca13ea3', 0)
INSERT INTO [dbo].[Users] ([Usr_Id], [Usr_Pseudo], [Usr_Email], [Usr_Birthdate], [Usr_Genre], [Usr_Firstname], [Usr_Lastname], [Usr_Elo], [Usr_Role], [Usr_Password], [Usr_Salt], [Usr_InActive]) VALUES (32, N'User32', N'rfg.lemaire@test32.be', N'2045-08-20 15:33:27', 1, N'User32', N'Mate', 1500, 0, 0x054DE17CBD3291F79C98D6D473376B05F4467A8A0734A19125873381B7BD237C3D7DDD466CE700A3248034081029D1A50846FF3DC8D44C70E518B2C1DFDBFCD7, N'227c3091-1417-420a-8db4-c3a8567e37f4', 0)
INSERT INTO [dbo].[Users] ([Usr_Id], [Usr_Pseudo], [Usr_Email], [Usr_Birthdate], [Usr_Genre], [Usr_Firstname], [Usr_Lastname], [Usr_Elo], [Usr_Role], [Usr_Password], [Usr_Salt], [Usr_InActive]) VALUES (33, N'User33', N'rfg.lemaire@test33.be', N'2045-08-20 15:33:40', 1, N'User33', N'Mate', 1500, 0, 0x054DE17CBD3291F79C98D6D473376B05F4467A8A0734A19125873381B7BD237C3D7DDD466CE700A3248034081029D1A50846FF3DC8D44C70E518B2C1DFDBFCD7, N'ad280547-9f5b-4c60-852d-4ff1a5dc11c4', 0)
INSERT INTO [dbo].[Users] ([Usr_Id], [Usr_Pseudo], [Usr_Email], [Usr_Birthdate], [Usr_Genre], [Usr_Firstname], [Usr_Lastname], [Usr_Elo], [Usr_Role], [Usr_Password], [Usr_Salt], [Usr_InActive]) VALUES (34, N'User34', N'rfg.lemaire@test34.be', N'2045-08-20 15:33:54', 1, N'User34', N'Mate', 1500, 0, 0x054DE17CBD3291F79C98D6D473376B05F4467A8A0734A19125873381B7BD237C3D7DDD466CE700A3248034081029D1A50846FF3DC8D44C70E518B2C1DFDBFCD7, N'ca712706-fce8-4871-b534-d9e1ea348c1e', 0)
INSERT INTO [dbo].[Users] ([Usr_Id], [Usr_Pseudo], [Usr_Email], [Usr_Birthdate], [Usr_Genre], [Usr_Firstname], [Usr_Lastname], [Usr_Elo], [Usr_Role], [Usr_Password], [Usr_Salt], [Usr_InActive]) VALUES (35, N'CheckMate', N'rfg.lemaire@gmail.com', N'1965-09-21 09:00:00', 0, N'CheckMate', N'Mate', 1500, 1, 0x4D45284ACD2958FB05D01910E432242B52EA8AB5585F4B44ED2DB5D8053F09B1937640EEA91C69A46412A22424E93CA122F74C658441AD6A6322FAB731536447, N'5a6ab5ae-0e4e-4575-9626-edd628cf8887', 0)
SET IDENTITY_INSERT [dbo].[Users] OFF

GO
SET IDENTITY_INSERT [dbo].[Tournoi] ON
INSERT INTO [dbo].[Tournoi] ([Trn_Id], [Trn_Name], [Trn_Geo], [Trn_MinUsers], [Trn_MaxUsers], [Trn_MinElo], [Trn_MaxElo], [Trn_Status], [Trn_Round], [Trn_Women], [Trn_EndSubs], [Trn_CreaDate], [Trn_UpdDate], [Trn_Active]) VALUES (1, N'Nom Tournoi 1', N'Place du tournoi 1', 2, 32, 1000, 3000, 0, 0, 0, N'2025-09-22 09:29:02', N'2024-08-21 09:29:02', N'2024-08-21 09:29:02', 1)
INSERT INTO [dbo].[Tournoi] ([Trn_Id], [Trn_Name], [Trn_Geo], [Trn_MinUsers], [Trn_MaxUsers], [Trn_MinElo], [Trn_MaxElo], [Trn_Status], [Trn_Round], [Trn_Women], [Trn_EndSubs], [Trn_CreaDate], [Trn_UpdDate], [Trn_Active]) VALUES (2, N'Nom Tournoi 2', N'Place du tournoi 2', 2, 32, 1000, 3000, 0, 0, 0, N'2025-09-22 09:29:20', N'2024-08-21 09:29:20', N'2024-08-21 09:29:20', 1)
INSERT INTO [dbo].[Tournoi] ([Trn_Id], [Trn_Name], [Trn_Geo], [Trn_MinUsers], [Trn_MaxUsers], [Trn_MinElo], [Trn_MaxElo], [Trn_Status], [Trn_Round], [Trn_Women], [Trn_EndSubs], [Trn_CreaDate], [Trn_UpdDate], [Trn_Active]) VALUES (3, N'Nom Tournoi 3', N'Place du tournoi 3', 2, 32, 1000, 3000, 0, 0, 0, N'2025-09-22 09:40:46', N'2024-08-21 09:40:46', N'2024-08-21 09:40:46', 1)
INSERT INTO [dbo].[Tournoi] ([Trn_Id], [Trn_Name], [Trn_Geo], [Trn_MinUsers], [Trn_MaxUsers], [Trn_MinElo], [Trn_MaxElo], [Trn_Status], [Trn_Round], [Trn_Women], [Trn_EndSubs], [Trn_CreaDate], [Trn_UpdDate], [Trn_Active]) VALUES (4, N'Nom Tournoi 4', N'Place du tournoi 4', 2, 32, 1000, 3000, 0, 0, 0, N'2025-09-22 09:41:10', N'2024-08-21 09:41:10', N'2024-08-21 09:41:10', 1)
INSERT INTO [dbo].[Tournoi] ([Trn_Id], [Trn_Name], [Trn_Geo], [Trn_MinUsers], [Trn_MaxUsers], [Trn_MinElo], [Trn_MaxElo], [Trn_Status], [Trn_Round], [Trn_Women], [Trn_EndSubs], [Trn_CreaDate], [Trn_UpdDate], [Trn_Active]) VALUES (5, N'Tournoi', N'Women Other', 2, 32, 1499, 3000, 0, 0, 1, N'2025-09-20 09:00:00', N'2024-08-21 09:41:10', N'2024-08-21 09:41:10', 1)
INSERT INTO [dbo].[Tournoi] ([Trn_Id], [Trn_Name], [Trn_Geo], [Trn_MinUsers], [Trn_MaxUsers], [Trn_MinElo], [Trn_MaxElo], [Trn_Status], [Trn_Round], [Trn_Women], [Trn_EndSubs], [Trn_CreaDate], [Trn_UpdDate], [Trn_Active]) VALUES (6, N'Tournoi', N'Commence', 2, 32, 50, 3000, 1, 0, 0, N'2025-09-22 09:41:10', N'2024-08-22 22:43:00', N'2024-08-22 22:43:00', 1)
INSERT INTO [dbo].[Tournoi] ([Trn_Id], [Trn_Name], [Trn_Geo], [Trn_MinUsers], [Trn_MaxUsers], [Trn_MinElo], [Trn_MaxElo], [Trn_Status], [Trn_Round], [Trn_Women], [Trn_EndSubs], [Trn_CreaDate], [Trn_UpdDate], [Trn_Active]) VALUES (7, N'Tournoi', N'Inactif', 2, 32, 50, 3000, 0, 0, 0, N'2025-09-22 09:41:10', N'2024-08-22 22:43:00', N'2024-08-22 22:43:00', 0)
INSERT INTO [dbo].[Tournoi] ([Trn_Id], [Trn_Name], [Trn_Geo], [Trn_MinUsers], [Trn_MaxUsers], [Trn_MinElo], [Trn_MaxElo], [Trn_Status], [Trn_Round], [Trn_Women], [Trn_EndSubs], [Trn_CreaDate], [Trn_UpdDate], [Trn_Active]) VALUES (8, N'Tournoi', N'Actif', 2, 32, 50, 3000, 0, 0, 0, N'2026-09-22 09:41:10', N'2024-08-22 22:43:00', N'2024-08-22 22:43:00', 1)
INSERT INTO [dbo].[Tournoi] ([Trn_Id], [Trn_Name], [Trn_Geo], [Trn_MinUsers], [Trn_MaxUsers], [Trn_MinElo], [Trn_MaxElo], [Trn_Status], [Trn_Round], [Trn_Women], [Trn_EndSubs], [Trn_CreaDate], [Trn_UpdDate], [Trn_Active]) VALUES (9, N'Tournoi', N'ENdsub 22-09-26 09:41:10', 2, 32, 50, 3000, 0, 0, 0, N'2026-09-22 09:41:10', N'2024-08-22 22:43:00', N'2024-08-22 22:43:00', 1)
INSERT INTO [dbo].[Tournoi] ([Trn_Id], [Trn_Name], [Trn_Geo], [Trn_MinUsers], [Trn_MaxUsers], [Trn_MinElo], [Trn_MaxElo], [Trn_Status], [Trn_Round], [Trn_Women], [Trn_EndSubs], [Trn_CreaDate], [Trn_UpdDate], [Trn_Active]) VALUES (10, N'Tournoi', N'ENdsub 22-09-25 09:00:00', 2, 32, 50, 3000, 0, 0, 0, N'2025-09-22 09:00:00', N'2024-08-22 22:43:00', N'2024-08-22 22:43:00', 1)
INSERT INTO [dbo].[Tournoi] ([Trn_Id], [Trn_Name], [Trn_Geo], [Trn_MinUsers], [Trn_MaxUsers], [Trn_MinElo], [Trn_MaxElo], [Trn_Status], [Trn_Round], [Trn_Women], [Trn_EndSubs], [Trn_CreaDate], [Trn_UpdDate], [Trn_Active]) VALUES (11, N'Tournoi', N'ENdsub 22-09-25 09:00:00', 2, 32, 50, 3000, 0, 0, 0, N'2026-09-22 09:00:00', N'2024-08-22 22:43:00', N'2024-08-22 22:43:00', 1)
INSERT INTO [dbo].[Tournoi] ([Trn_Id], [Trn_Name], [Trn_Geo], [Trn_MinUsers], [Trn_MaxUsers], [Trn_MinElo], [Trn_MaxElo], [Trn_Status], [Trn_Round], [Trn_Women], [Trn_EndSubs], [Trn_CreaDate], [Trn_UpdDate], [Trn_Active]) VALUES (12, N'Tournoi', N'Women Other EndSub 2024', 2, 32, 1000, 3000, 0, 0, 1, N'2024-09-22 09:41:10', N'2024-08-21 09:41:10', N'2024-08-21 09:41:10', 1)
SET IDENTITY_INSERT [dbo].[Tournoi] OFF
GO
INSERT INTO [dbo].[Subscribe] ([Sub_Usr_Id], [Sub_Trn_Id], [Sub_Date], [Sub_Active]) VALUES (1, 1, N'2024-08-21 10:28:41', 1)
INSERT INTO [dbo].[Subscribe] ([Sub_Usr_Id], [Sub_Trn_Id], [Sub_Date], [Sub_Active]) VALUES (1, 12, N'2024-08-21 10:34:59', 1)
INSERT INTO [dbo].[Subscribe] ([Sub_Usr_Id], [Sub_Trn_Id], [Sub_Date], [Sub_Active]) VALUES (2, 1, N'2024-08-21 10:29:04', 1)
INSERT INTO [dbo].[Subscribe] ([Sub_Usr_Id], [Sub_Trn_Id], [Sub_Date], [Sub_Active]) VALUES (2, 2, N'2024-08-21 10:35:24', 1)
INSERT INTO [dbo].[Subscribe] ([Sub_Usr_Id], [Sub_Trn_Id], [Sub_Date], [Sub_Active]) VALUES (2, 5, N'2024-08-21 10:34:59', 1)
INSERT INTO [dbo].[Subscribe] ([Sub_Usr_Id], [Sub_Trn_Id], [Sub_Date], [Sub_Active]) VALUES (3, 1, N'2024-08-21 10:34:59', 1)
INSERT INTO [dbo].[Subscribe] ([Sub_Usr_Id], [Sub_Trn_Id], [Sub_Date], [Sub_Active]) VALUES (3, 2, N'2024-08-21 10:35:28', 1)
INSERT INTO [dbo].[Subscribe] ([Sub_Usr_Id], [Sub_Trn_Id], [Sub_Date], [Sub_Active]) VALUES (3, 3, N'2024-08-21 10:34:59', 1)
INSERT INTO [dbo].[Subscribe] ([Sub_Usr_Id], [Sub_Trn_Id], [Sub_Date], [Sub_Active]) VALUES (4, 1, N'2024-08-21 10:35:08', 1)
INSERT INTO [dbo].[Subscribe] ([Sub_Usr_Id], [Sub_Trn_Id], [Sub_Date], [Sub_Active]) VALUES (4, 2, N'2024-08-21 10:35:31', 1)
INSERT INTO [dbo].[Subscribe] ([Sub_Usr_Id], [Sub_Trn_Id], [Sub_Date], [Sub_Active]) VALUES (4, 3, N'2024-08-21 10:34:59', 1)
INSERT INTO [dbo].[Subscribe] ([Sub_Usr_Id], [Sub_Trn_Id], [Sub_Date], [Sub_Active]) VALUES (4, 4, N'2024-08-21 10:34:59', 1)
GO
INSERT INTO [dbo].[Cat_Trn] ([Cat_Id], [Trn_Id]) VALUES (0, 1)
INSERT INTO [dbo].[Cat_Trn] ([Cat_Id], [Trn_Id]) VALUES (0, 2)
INSERT INTO [dbo].[Cat_Trn] ([Cat_Id], [Trn_Id]) VALUES (0, 3)
INSERT INTO [dbo].[Cat_Trn] ([Cat_Id], [Trn_Id]) VALUES (0, 5)
INSERT INTO [dbo].[Cat_Trn] ([Cat_Id], [Trn_Id]) VALUES (1, 1)
INSERT INTO [dbo].[Cat_Trn] ([Cat_Id], [Trn_Id]) VALUES (1, 3)
INSERT INTO [dbo].[Cat_Trn] ([Cat_Id], [Trn_Id]) VALUES (1, 4)
INSERT INTO [dbo].[Cat_Trn] ([Cat_Id], [Trn_Id]) VALUES (1, 5)
INSERT INTO [dbo].[Cat_Trn] ([Cat_Id], [Trn_Id]) VALUES (2, 1)
INSERT INTO [dbo].[Cat_Trn] ([Cat_Id], [Trn_Id]) VALUES (2, 4)
GO


